f947d4ae-77a5-547a-b541-6cb74add70fd.json,711bc6198c7be78668d9578f599c1fe7,4451bb379cee047f39728a7d450caba2ca2bae0e
6750f214-d7e9-58e4-bc30-9073e823d8fe.json,8951987e5674ff8319b59131b41d3913,66c1fac4a9c5632dd9e1cb33631efe3800776c21
37a4bf8c-0232-5eee-9ea0-c3e67bb6fe9f.json,5b344944cfd0cb459af8df0ee8185e06,ae3384bafa1133ae8712de94e03e35fc4adda815
e04e041a-04f6-5401-8519-287bfc18f04c.json,a1751ffe35e6be473a5673763712f975,47e6a71375d2d42e646ebc682112828182d4fcf4
248ce935-7bbb-5d0d-9e0b-b9d14c99fb2e.json,eb97859b3f8f8f47dc04f82f6a8c3639,88abd41876d72067c8adb06ac6eb65675d2eaa10
63fe5a73-3572-55ea-852d-25cffbad891b.json,e0be299399aa84874413dde4091e0959,9db3d97b6b485ad0f4c7d63652bfa3857a474d1e
56ddd672-ad4f-5328-89b6-d47c92013b28.json,241ba35084ebceba634c6d0af7ef7dee,7bcb8accda268e0ef29c96321cf408e29439387a
09fa464b-77de-579a-a4dc-0837bd8177fe.json,2474ca872c2c5f72842a4414832335a2,d89a4a4f3bd5a5b6298fd7c1042dd9d515a2fc07
8ea5a7b8-a184-5c72-a2c3-2a1cf8a25287.json,d8633daad231a7ef0d4d69d50ed61cea,2df7c62aec55e14a001ee9517bb52171e18398b9
4230d58a-67dc-5f7f-930e-4c44e41d1702.json,cc872d49f8f1c21317b502615247d90e,7b981881c76c53d7ea7154fbe432cff0d7b33cab
fef5a409-1213-569b-87c1-03888ef92e05.json,8156d0d3c91b44b4f7d8c33f1a875723,5c92c66d10fcb8914f96a1107d7cfd41497dd7cb
71d2345f-aa68-52cf-9551-19f4a7a4ad1b.json,5cf5e651222270217c9d7e7c3d9a2fca,40196063feb4dd42f24e5ea57c6460583c2c9938
98559c18-c791-5886-9f9c-a3b510d51ddc.json,2c04c385ea388a24e5ab36e1ffb0ab3f,7025184ce0c1dce752cb6b337671053b2624377b
ac1be564-65bc-5d87-9437-e178cd4d6d96.json,9324f0461c21157dc33452f106c9f7d5,c6a44fec9a311238d7dfe184c52fc6583b3e1786
225c906e-8896-52e9-9592-4285af976341.json,e7108e02f6783e0db6a7d8dc8533be27,38a52b3a111ab1de100007694e9566eee900837f
e5fd28e6-cff1-5add-86c5-3e9d3e220baa.json,caf31739ebeb98abe9ed4641a98e5145,13b624aa50cc524b50ef4881b98a2a3f4b329d74
a489b389-d7aa-57a9-b332-58f4958c357c.json,0e2d59ccbd8d28336e93b533ecc1ad8c,8f2503b13c2ff991031502d1e7dced00c4b6123c
b9001079-0705-57fd-91d4-89e1a6d09267.json,575cc61479b5373600860986bc551c43,997f83d8c47e5a8f89af1dcab08631a2dc02d07a
adaa64ac-674a-595d-bdad-b4a5a835c15e.json,f85a907d4cbbf97494d937fc975d7e2b,89bd86383a6ea7cb2121e85600b0b272bdf4c167
f8bbc12d-6a67-58ca-92f8-f27fafea8ecf.json,fa38e7cc3b743535c20ed78a92296d25,f2bba4e5b33c0afd5473c9a54e5e80be1020e1d8
533ca8d2-e79b-5201-bb80-db04b05fa713.json,5aebf3db59101d69cdb76ea752cc7a86,f97c8a7ebd88c3e0086aed9bf8562e37cc25f4e0
8c29c498-dc1c-5d5a-95f3-694598ce8891.json,557ac5c7777dfe146e08d5fc5bd3764c,5de0898da332223165a9db6c2801ca80bfffa315
f7289aac-b65c-5646-bb18-ba6ee84f5d2e.json,3872c529f140201ec8a00697840c2110,1d56a9e92151a8f9e193cb8553f6c7972d9011d4
a00a8a99-5151-5714-977c-7c00de971c08.json,ace8790793ef9cb347a3c6539d3d4a27,e029dae888c847d0b76637daad5685d1aede1b34
d811c3a9-be89-5bf9-aced-da9d06f9862a.json,f83e08bf6355f7c2a4333979aad58661,9fc4c371409919e99361b92bd4ad2ee4f455f30e
1cbc2555-ce22-501e-b78b-dfd52e4499c1.json,14e3e99c2fe512fd729e6480d3fafc59,e8c782c665803efc935749408b568673b7690712
759aa6f4-e4fe-5935-8821-af44a5d51bfb.json,82916315b1601547cb900a673b11e98c,f38733b882f995737099eb0aff9a88ae9746793d
3f3ea128-2608-55f8-bd81-78a12a88706e.json,32e501be53697f26d4066d288129b316,5069971fad3d3f268e020c105e9c176aaf6850fe
513181e2-4127-5a09-a6fe-263526a9c39e.json,618c17e045269b643babfa56189aef6c,787ea49362c5ec62009d3c530c2dde8c045645af
f754c651-0eac-56c5-8a1e-d2cd541a603c.json,6ea449318c616205a2fd4c5bd2a0ec28,9198ad7be85d3f276cc31f5f0f4d2476db4b17b4
6c8b14cf-2988-5588-b411-faa40883ea8f.json,dc54e5a07285450e26f9cd337c303ba1,f4f57a107b5c7f4552ce53d6bd57c359b70e8f9f
95e41113-c4b6-522c-8f4a-1aff9322f94e.json,6f2007e54fe371bd22e85174ebbb2228,061f43b0cdc6c4a706cb1ef718f0ff8d03d5dcff
9efe0db5-8bd0-569f-a5a7-f778bca8597e.json,5871748913080a2b4d7be014a8b2d3e9,eba926f8e50a4b648fc6fb8f225ff8407a56087e
667defd3-4e78-5d0a-bb9d-6f1e5b1f0b25.json,8330e9234808b06bfa46a441f80a360e,fa05cdb2e0f05c3146c99765b09291cfd6b2776e
6cec4943-cace-5e09-9a4b-6cec81a7fdf4.json,472852d5cdd48422aa6d7b15e7d03325,4d9f20b78015027d3a7b97bfff2f37f99c556660
c48ebc58-d7c2-55e5-af7a-3a790a17b4ed.json,49879a4f9e3a4062e5965858f5f7dbdd,2b3121d86789e4c04233ea0f40a4722662c201b5
ef420c37-8085-5efb-bf25-e6d5b0afb4fd.json,bbd3c443389cdb454324962ec2352b16,cf2216938e4bf667a42db9f30d6be74250c37909
01a1b509-8e29-5511-8d03-9e0b0e9be578.json,929cc3a42b5cac3cc99834169d69a913,80460f3147b2986def8f93cbe76a728e7b1ea1ad
96ce3b37-5918-5e26-afed-a32e27cb4bcf.json,7f22fb8981e63f6e4e00895eadd188c3,22b356e79777b3708a6ff5276fea5fd2d8af1985
a7f032d2-daec-509b-a284-6c2383aad566.json,7c9c4867a447fac504c2ab781ff5d3d0,395194a22adf64fa5e4db8fa946827b134b06963
90f6e91c-58a1-5d22-9322-e079c7af0c4c.json,1c1d67e865f43f44e2c767973dd5e4ba,1f16a167593ce308c2a4874044c8c13cb42b56a4
ec186e40-44c9-544a-8810-177ab696c8a7.json,6e321a726cde20be17325bfdcb28faa2,f861840fa587340e978a15f6ef77a5fb83e92384
ec198c05-ae7d-5ec9-be66-24ec1f85bd4c.json,343daed6a853386650f119583888cb57,54e42f7b944afa4bfffce95d806345f1b9273941
25a3cbd3-d97e-574d-9b91-46932a18d2b9.json,4fb70d243905cd7dda23d583acab661d,94de96f019037bb031918baddd37da1608844abf
ef7f56ed-8e9e-5bca-99c0-4998a981b567.json,5885aec0c7150b439ec0b7cf9997f31e,3e401576d3b667e1402fe32f58de7c9aff1b729a
26de5fcf-5786-5772-8e27-eac92def255f.json,6a5ec11f84f1269b267f9e359e668100,06b197408f85a2f980c0312fb9f59c9a7695ac23
6c8d35df-ace4-5433-98e5-30b53ae2a458.json,d1554fd9cbd40df923d7019129c842a4,eb0c19c71adbb8281d4b135b9d7592db85836e23
105bdf6d-fa21-5dcb-ac42-75296ee41e79.json,214728fb0186930b43e1eac106c35f65,3a854cd97d874707cd3821965c36fa23c6574c4c
07edb69d-26af-5e0d-a7ac-2b3b80816eb0.json,6d73517961de618190a818dd30e404a9,afda9d622a9c46995838e4dc350aaa58b6b4a88a
60f73fb7-4b01-5747-8737-6e729a2b0ee5.json,bbee1aa2007808b4521664674ef84f40,0aa2f923a772c6f9fc6706c5cf8a5432ab50ebc8
f6543765-8c83-5aab-bc79-36a742325678.json,70f8e2294cca55b48d78796db7dcc56c,1f4df87538876d601d5bcb88cec7151e413ec47a
2595c167-25e9-5fb9-beb4-8fed9035cab5.json,970ba7d884cd5f97c1b91b9959cb6d10,5291a10953d9713f813c6c4c05ed193414582f23
d67c082b-d4c9-5c09-a3d8-3b43ed25f6f6.json,2858a2309124f01f2a95bcd74288211c,0dc867042b7690edf53a68c1eb977900a6a69ea9
ef92c82c-65be-5a5b-b233-78ae1dca2875.json,7af3b150418de2667837b1ec03dddcfb,c7b7e183061c4e421acc49eb52e7a37b12f5b8e9
a7ceb3f6-41ce-5003-81e2-8901e90bf4a5.json,d0a2e509ab724cc390a7e433f9541ada,24c91a9111286cb94386483826a4a10dab8ccead
b22f30ee-08c7-51dd-929b-4cc535e43278.json,6149a6f634e660b78b332ca29ab0c3c9,95f4e2d97adceeaeb85b1d71ac15b9db06558379
1f006c45-2d7b-5d64-a102-56b6b501dc82.json,ed1a9b96a9ee23ca902ebf8e977c1d7b,030967672b72636a9ad73ba8f9b755fe042868cb
29d85358-51f1-5cdc-8aea-a71539df7762.json,ecc280ff0484c75f4cffbd02847335ab,4cec00c1f25196554332c62a01a1c71e47121261
d17110ba-214f-56df-9c60-baef3aad41db.json,9c8ebe954714ae1ed18fecdf1900182e,e1e1fd8b30b9418c6ca7323c8076f7bcd32e4e2e
16e932b1-e74a-542b-87eb-03d1fadb6e4a.json,b619e0689642a332b506e2db797e1660,9ebcc10bac1d4dda760078ffdfc5af1a20080abf
01a626bf-b506-54fb-b49d-f61746e4c84e.json,a02e7e3dc6bb0cbe75ed33cb506b3e01,a9dcb316d6213719be6f140bf84aaf2e4acf5997
e54b47b8-77b2-59d8-a699-45aa44175144.json,7234eaf4fa7156a812aa8f4061523f86,c38700ade0fa3c07057fc4dc6741e26df586a984
59747089-a634-5128-8abf-f5976b8749b1.json,8ccf81683e7878ddbc00a234bf310bce,fa138a07397ce9fc9a3faa6a0c28a7819de2d701
f3d4030c-1bb4-5576-a74a-776732d87c6a.json,fe41c7a62d79e6f896852cc45b1ab3c5,035191383028d19183f9d521051fe127adce6899
ee9d168a-b42c-5a15-ba22-037b392b1d39.json,f5752d00e092c432a2776379256758db,d1ad87a88cd4fe24dd28fece492c6e214d201e99
65f852d4-4e74-5def-97b1-6ed62732ecdd.json,1b5f4a803e0acb5fcc7460aa6126e6fb,12e8dcb97025833712b35014c10e0947b8b64033
c7b947ca-89e7-5792-916c-4b45380b832b.json,f4d16707fdb0c65f8d7e4ea177e75733,70ca2c8e388ed66399bd12ddaa3fbde960e22162
8225139a-6c3c-5c55-b2d3-16605b96d332.json,5b83eb6eaafbabb8f9656b8e8d0b28db,7ad0707c3d73cc33bc2d53955a08b4a12f1e2605
2e8d023c-282f-5403-bc1a-d8442a238c4f.json,1e037536f9d2f2000065e54dae643346,8fd6f4fe8dced73fb93a1d0248cdf9fcc90cd229
5a95ca3e-b95a-5118-95a2-4fc4365d87d6.json,f5e17dd2248ec0f071cd896a0b5b1484,75a74f1c51c33142a8e2a94b852b8eb65bc5128c
e4598096-ddda-59ce-83fe-8414c9b6a228.json,c94ddbbd24532dfa96cb8f7e372ad533,43777b1c8736f3acc6688061b75a93b69081f822
7e652076-8e92-593b-9c03-df6382949a5c.json,0b5a4ba698abe019ff126825788d4219,a1e0c5ba3904f5b70c4608843edbb9d92557c05d
5b9ceefe-a620-516f-a125-4d4479335bf5.json,d242f6da7c82c3f88c075547b386741e,c534b39aaf2e4aca8a972392221499df0a975919
200af2e0-68c9-5aa1-9006-79163d4608de.json,e1c61edc08cce7e2500c3221d529a21f,b5dcffbf416b9f267fb52b77dc6cd9ec2a47543e
516bdae6-768b-5b78-8728-46524f32dd47.json,3743255ab6125222471748376696e924,92ccd6c7c2e362f4ee394eca21dfa6722dfe2d68
a32d15c5-4a0a-54fe-8a5f-d755384ffe4a.json,202869fd082b0990244c617f1a512ba9,32d99de7bdd0f167c3590d08bde8ee577f2da9b4
fe5ed0a6-2b42-56db-bee3-17dc0ec794ae.json,257f0cb7e9be4111dc4f80dee141642d,22d37d0336b631b6956a723bc7a969e9db9f0906
c92f889d-06bd-5a87-a820-1ba2653c7575.json,215ed634565d941b39c5bac1f8aee9b2,49b00206c18aa4be2b014d4d90862512d27726a2
36087aa2-d015-57eb-bda9-665846f29823.json,9acd7a72c5d1dc1414d9151065e5950d,72bf5b5dacfa5bfec1aab567d7db729c77885e66
928b4816-d9e9-5171-9901-cc4132d05d55.json,99ef643e78f810d53aba1d9a7290dbd3,d9dc5105cad350bf88fdf95115a789fde86abfbd
744a51c3-2065-53c0-ab1a-c7db7a7d25b2.json,986fd8700599653e074fddb6bb3a1f85,91efca34657f7c377f99d58310a7aa48a9829046
b24f1774-aaa6-56ea-b123-d69841a4f001.json,0748395475f55427f785bb325a055e41,fdd4e4698b2e7050f9a4ab8854205d3fbe1f2c4f
551eaf81-944b-5b3a-92d6-d1aa6c628e9c.json,e0476616699b0b0d734a98a4ffa52627,59887cfe1dbc1fa8bd5d36774882e76a9a233252
1cfb8d36-3375-58f3-8773-3916ef7de6fc.json,b78c3b5f3b4f7aa0a2066ec83785d2ee,a5e6175bdfb9d392894556c274db91cddcc3b827
fdc9c9db-79e7-57aa-bbb8-d25352bea32e.json,67483d14285ee1c940fd3f1f9a65a522,2c5130872d09b556ba537f4c65d522715b2483cc
4cd26a05-d414-554e-b70e-f604280ceba4.json,7fa966955937488524634f0c244e675e,d69f0733b5c32284a2898d401d9542dabfa8a9f1
32fef141-f65d-54c9-9455-b9b92c2a4064.json,538ce4cad5d1196e000bd480bea3d903,89b31676eb7dd78c14605e37646f534249da2e0a
717804d7-e140-5e0e-a9ca-7d7c11fb4955.json,545b3da59464191135fd1ec79a0772bd,d4293791d3a8c2fe581a8bbfb38b2fcbed281d70
a12a4513-e09a-5acb-92c0-148e45f6f1de.json,1be5e18aea41b982788904a814e48b75,41eb16b6ed48f30225724572130772e6cc885b3f
f4aaccdf-a2ca-5379-8f31-a34fc874cbee.json,c8790be0434ed7d0ad565655085b3c2e,4a861b8df83d653fee1a0f39cb5b8e5c3c859b83
04a4bd82-30c1-5415-9795-4b71f73d2c3a.json,16818073083e047525b3cc826e4c32d9,9dee5f52404849cf2fe1ad6edfe23ff070bc8e91
fe5654c7-6044-5841-8965-8c8735667d41.json,4bbde7696e67a24d4ff70361fa6215ec,98ccd46458a6239207a87d045ae1d11753430335
fb1373b1-1784-5cc4-8125-cb7efc408922.json,30af92dc6b7b4dbf2ec3e215baf050e7,546e3c06a564d5400d1c741dd384ecaaa6b954c1
1b26c735-9405-5f75-9646-451404499330.json,37b509e3d24f9936b743e0d76c9582d7,a594a89f9bcaf4ad9a0b28b16334657c5923c826
ee558721-bdc9-5028-8278-a9192215fb4a.json,18a46e2aeb7e943ddc48bdecf784912b,75985ba2e19f6d27d1397b33646bbc4cc8a03a2c
35a01226-5b2d-5503-a09a-da3be036b419.json,5febd7d27a7845a0c00b79bcd1df79f2,bd8a451d593812735388a65f1abfac61d5dfea6d
9d68d54a-00a4-544f-ac30-d1dfd2e9b684.json,d8fd338c1a148284e242be4ba8e55315,51497a0867ee1090133612a80bbd49b3047c2f30
a6a1a5d9-405d-588a-9797-cea7245f383f.json,d7bd971a5739d3d70cf2748c95db98b8,3f1694357184ea0efbdc4ab7e74c98e8e3397416
2e633cf9-a865-5eb4-820a-8b521b143317.json,c28bf47ca81e9b52bbbf8badac3fa568,9d735b7bbbcb493e6a2d33b8ae4ba5dc876356b2
b51eb423-dbee-5918-8f9e-9e6336c1a599.json,057596c8525745746a8497b6ba0f72e9,d46c7bcc8db887b9fbdeb50445d400048b44b21e
32c4896c-fa9a-577b-a410-4643abec9297.json,6a271ddfe7ddb646bf488843b81d3545,eddd14ca0823a54e128a5e7e925eb4ce45af9b23
d79064df-03b7-5d2c-8f98-335d08215a1e.json,d7bf62b43f672bed62f88c0ec5858062,d9e825c11933c32c0ac9db43ee3b8c182eaf34d4
51a4aa8a-cc4c-5628-a42b-5b6e2abd1df6.json,313cc5bd17f3766b6227dc8284111486,99141691e8bb0c7e51b6c128eb5e467c86f80277
2a349abe-ddb7-5c62-afe2-e92237084eda.json,0ae3e92575cc4daac7af37931bff9dfb,2ec6a44cdf6479c878c0bf6c1c60d82ddd1a1558
f8dcfe37-d05e-5601-ad96-bcd66aa0f577.json,4b390baac846fa121c748683a8008cfd,d9354f26dc7fe4f6774f8d5b54f9792f78ec44dc
223f7bc8-77ba-58aa-8616-92556940719d.json,42c7ce7037e5c8e84344d221db0d46ea,f753e363a20715e66c68d1add7f5501e0d6ca5b8
a3ef6c24-d176-58b0-bf59-661e7be5f4e0.json,5d443b94fd6aa78fb0ad36b1c4528ec6,bb66cdaedb4efe5fc8639aacda04f3e0cf680cc4
f3e91ffa-9c90-5164-a32b-56e712915f62.json,1c48af9ba76c21f242cf689d9e8ddbec,f5e453d9b42f4bfa73a73680cf07dde065022cba
6d536991-4612-5574-8351-690267f6a8e4.json,ee226bdceb69db5b5d5a79a819a2c0ec,46fa95ad2d3539997907c58eaa37da12f71e59fd
be4f0f9c-38d4-55ad-86ce-01efe53e4d53.json,62f5a4fbe0faf6d01c2d08d791cbfa3b,ed4ad594bc875f7da56b7cb4a64bb17f48f96833
ebb01195-1c8f-5917-a1fa-ba339ec6ec03.json,f6b3874c4d6730c30bf0e1c158754712,4aca2cdea7bd23d68d8a05c27ee4b76c9e5409da
f5cad473-ab19-5821-8145-811c37780b91.json,81c8bd04727218097c2dd42683b75665,5fe6bdc42cdf2d3a43e560c892de176059116e43
cdf0f4ba-3fe0-5e6e-9598-d2002bdaa0fe.json,da4ec12c5cdf187272f0f038356f9957,7a99684e0dfb2c6abe8ac43ad3c118abce8f58b5
8dabff31-4a96-5557-a679-0ab81d454192.json,49a0a03d977d4027df6e167a691f9928,f7b5ea977766097733213d59a4f78b1d10817f83
dd4d98c3-42d3-5ef1-8449-a5cd883c06ac.json,90977fa2ca22d7fadd93d9164bb2d864,8421e9fa96f878b9f31ed8952ac215f3e527660c
b05c2d0d-f80a-5100-85e5-98688c27dba9.json,1338a62c38ef7dd3bf61bb28467de829,458b3bd35244c6d418c5156ada06980426c564fc
6daaed3c-801b-5b58-9e2a-8781dd88db14.json,9b240e5a39d42002d7088544f5f3ff13,5e3b63d0df6ef679f2111105dc2a961090a1439c
085331e3-2f77-5fd1-b8b2-28d67e96c800.json,cbb4b463e122a5db3472e52761cb1ec9,26ed2c96fa2edc8c6d02a06773d6560179d2fd32
4b0ee454-3c48-53cd-9acc-7de155daada8.json,057c9edb2fc405aa9fbed800259b9471,515e690ad10d0cf5a7fd26e490def446fc4ba411
31367610-f0c1-5d7a-8ccf-edb6ffc33d1c.json,b7d74fba444f8b3abc9e1d0cdb7d8f20,fbeab759c4edd6e6b8f56f5f81162be150c93240
e9f75800-c552-54aa-a6db-73b4c1775b0b.json,0e9fd8586ccb6da2d8ff1b0facc4cc89,3e7feb247b4749c024ffa692806ced385b9d0c1c
25521e17-cfb7-562d-bbfc-bc0c9536e988.json,36b6951c99f3783274f9e47ccf038dbd,c737558fd53126c4e2fd28f09f727458498ba243
03624daa-1ac1-530b-97ad-7a074e69d044.json,1cd11b8f9402519507f14129d923421a,536d319f8141c6c7839f968cc920e21da148629c
4b5ef5b9-08a3-5d26-b87e-1b580ba5acce.json,45f51f4e2685515ec311750de372a394,594f176bc7761d683f5444a6d1a19eba15a2cb8b
3d73953f-2b2a-596b-b82d-07591ab2ad8b.json,6c7010f6e6a825b52ccb050cd70459b4,41ee3fe8a730557e441bc5e08a9704f532da73d1
7f5eaf26-e56c-5d1c-b22e-89cb770bff71.json,23e7242fecfaf03b8a47c0765b707a9d,ebcea3cd446015095c25ead894aa19cb11a03942
94db629d-3a3c-54fc-b2aa-f80d03a796e9.json,9dbd631a6d5c3519aa6f7b1f4ac69833,c6264c9107c400d2da01fdc243465b2e4c50ef91
03addbc4-9d97-5b6f-9930-1f8c189ae7e4.json,6b269048edf60a4b5d7dfe6ae3cc9c77,34c4c7c0ad160acbece731aae8e1158d90b5d40f
680c8243-7b6c-528e-9121-89bc0cd243f9.json,a325d87e6f0af7154214b608d380bcc9,284edbdbd1c398e3fb2a0982df08529b31cda4da
f1f630ac-f4c8-59a0-bce1-b7f0a482c834.json,5c0da5aa4434c246a4976ff4d7f6571b,a2e21fd98c3643713f84adf53c97591eb460fc45
6811c794-4ac4-5ffb-95fa-9190e1433063.json,ec2cdc0831bd771bddc747a52ee5330f,04c0266a167e4a4a639461ab4e151918d989464a
b5bc3703-2603-517c-ae15-fc70acdd2969.json,4de02d79b1f03306fe7d90fdf5466022,44e04d886094f51dc378b834c06fcf5a47eefac5
1f8d0cee-9a67-5ed1-90be-bff6bd5bbf03.json,67bb550dd0eadb38cbad5a2361500625,a086d0208ec1b2159ad63d3b189f49382f6bfba4
cba74347-520c-571b-929e-17bf015b35ac.json,eac93eba5b121a3b07301d48907a97b0,6b1f1bb95bc0689a01e53622cfaebed9958cee97
bb38e07e-a486-5e63-ae05-b56f70869ed7.json,8b99c7927431d4e329ac90fe7cb6baa6,18070e537d3d74c077911c139d7943ec0e78f902
8b8eaa78-9fc7-5b98-89ba-e198dc1d1343.json,4401093f17726638a0ea389e89b9520c,39fad932926b6227094a4f837c741873c8a17aef
cc68f14c-9fab-5b59-8e46-6ca5b019ed0d.json,01c44b9a5602b571a6ead8f78c6181c9,6533439daa627bf89cf1279a18abe133815fa200
21b7e30d-7aec-5863-9666-2d6225d0bd0d.json,678489bec4c200d722ac824edf520512,2949ccf9971c1d8653629d2185a858c59362bbc1
61673d6a-003c-5a0a-80fd-31f93e9be07e.json,25396493d482f33a83e717f702d197f2,2ee09f8155d7b6ded11652822180c110055025ac
ee508b11-bb6c-5a2d-9f4d-62f25f0afac8.json,8067e65dfdb7b63cdc7044b00d40a1e7,c9a0c01764c9524e775ba0ed0111ad18478eb35b
64fa4c98-d9c3-5ba2-9f01-a0aef86afd52.json,56c5400fb4cc6edb45241645fb601680,b4e95844eafbd0bcd8f8e57e831b80012ceb68ea
be45f213-e10a-5e35-bc90-a497b475194c.json,786e6eeb861a9a535d931632e330e97d,7de2903a89035cbb09321141ca79732d2183579e
74e885d0-3161-5657-858b-2b183f866859.json,7bfff383d841bb61e598547e053adfda,81e57ef78eb7fd1ae2ebfec97fd9be2e21cfe6df
99cad810-3ac6-5fe1-9116-7c6b3d091233.json,226b6651d08e27376cfc419670966a76,bb22e128f0d2ec0d5241a907c91901021fe6312d
7ade81d5-6659-5f07-b2f0-b5b71d99db5f.json,8220b9accb0c769ebb6dee3d2ada0dd7,02b33d4781f0b2b9fb85cbd477227c0716abbe78
db7d49c9-1122-520b-9ba9-a5071419ba49.json,d6bd43a481878fd44c83c804782db49c,a2ee632b28a5cfecbcbdeaa4f06eef381a388e0b
ba2409ca-caa2-52cb-9dcb-824d28925763.json,3a83f45573bf8a745f918ed2650b71f0,05b2adcea34c7067baeabb89b415ffb04b1bd899
0a5af1a5-a706-57cf-9ab7-310a8844212c.json,c6d4ad400f81ace413df4ed27afe8d45,9cb645793609dc12834dc7bb0a64ef70e2ea85e0
e0a0d17a-47f2-5465-8447-085494ffbcb5.json,cfe0fc17299ab2e168c0cc41c1575cae,0c57d335318a5b0e14f4897ce19d9cfec661f93f
ad60523f-5427-5762-879a-2d8580af515f.json,437f29e239f0681d3e0077e23f426599,6e5fe9a72d95075753fe92859680196a51ffe80f
16779912-dedf-5632-b03b-39f875d12ff4.json,8ddd5e5df6a88ff882118ef036c7f1fc,69d181f0193bf712fdae5aa748e2f4584d0bbd00
1bed19ff-e502-519c-8af3-970cbfb47b4e.json,00b52b1022455eb28e3d1f19ca538d97,2cbd788557de6404e1f8f4c234f36b524f7bcbe1
ce708ec8-b0ec-58b5-afda-03f2a8e7d69c.json,ea877de027682eafc143be9a1e0a9416,32a40c99b40d2600bc80af26065690ebf0336f69
3f3593b1-0a70-555a-a15d-9543c6b0ae02.json,8f0cde84ac0be0c501fa36d31235ec8e,2588dfcf751509eab6d2f593a1a3e9ed87181b9f
edbf1368-e1d8-5904-b0fb-8aae875d77b9.json,1bdf01e2d498c018cfd01f31b6b5ffb2,e005b9e27e4c78f784dc3f284718d8e1d22dc1b2
4682a07e-0595-57e3-add2-155564c57d78.json,4c4a7e58a3b5fcadbbd55d15e77b27dd,581aca2b204f2740a8f08a9f9b705690ae306fca
c4e4ccc6-6efc-5138-851b-0350355af51d.json,420233a7ecf78f5a9e61fb340c465925,358fd12baf10b0848af1da6832db0c682fc04f41
4a6d5ca4-7a3f-5407-a91a-e8823d2d48a0.json,7b0d48bf1359aab9426bc06750f3e68d,bacb3af26191a040aeb50ac75d4aad4517672751
7ebff79b-1cf2-559f-90d6-3a430f2e1c56.json,588d606db32510bed2d261dd9cb1bc5e,ab876ad507b94cd2935bfefac74ef1b1c43cdb05
48b5de70-15c5-53f4-94d2-7b0138a91688.json,68954d47219ee219f2af6f0217b52e8d,86f3e5d11439f3a7011eb49e0ebaf9866b4d67aa
3eadfda2-26cf-529d-a7b9-68cf343b7b58.json,12a46cab9516360a4ccead953b53420d,215763d99d47fbc863c8ca30d480f1621e9c4e6a
6f6eee4e-62c6-5578-9855-0e4ea5ebf15a.json,3875b35a3f737455e2e9bb4b1dd81070,f585448c9aa53ab9f7c7c3cbeb53220d080fd022
c899d323-e6c9-52f6-823a-0b6b0b8bd566.json,a03d3734eac6e615e65e80edfc79e12a,242de02a12b49664b13a52e0b550bef1bd606244
cca8e4c0-11fe-527f-b1f5-c59b6db83e54.json,3d288aa7129c9a79cf22ff3cd485c7be,9fab7dd4a54e55b03198de26a18baf2b7ccd2b1b
6683a239-4292-5683-9123-85cf8472c8f1.json,0650a56f474d10c403e3d413b460da4d,15605d46a277619ae0d1fbbdfdc271ef4ad52237
3a0a72c5-01b7-5e2c-8984-0d98296390a1.json,6302dc04ce3f3cd4dbdaf83d1d81064d,da8b8e6372f834f07014758095c53d3387e11f57
4a077786-a0f3-557e-bd6e-4c6ac1048af9.json,a8a83205dcfddfbd55be96b8b9130f81,5f995efacb56cdb83455f3cfa8a2508ae2a53f25
45dde384-528b-5892-8bcf-c7013559fd52.json,1f199d82bafaf4a06faaaeea62f88cb3,65a00b3c6483cf4c57e6e6a41774fe3f2eb52e83
cbd7ef8b-f4dd-5108-9fc4-792ed54ef5cb.json,100a77570a6efea3be35101ddb8e71a5,4a1560cf8509b5a60170a977c6d3a3ee519b21dc
5b168375-b737-5f81-ae38-3d817d05303f.json,3396b82710fe1956cd15a3fd4ace39db,75179d7fd6c8d42ec30d2d0149f0db151fe1c338
1bec1bb7-ff69-5fef-9485-1b3c1a7ead69.json,d22f4cb8176808e52654de381d1aed04,289c43a85246ac5999f6db16916089f92ac84f57
0f4ddb35-ddbb-5a5e-bd63-434de4f1369c.json,5efb9c097e4a036343d54aa67a0cb079,a427b96d65ac27cc6b4ae85ab5f80c9ff0fd5be0
3c4e93d3-1de7-52d1-8154-bc83929679a4.json,db531796212164ed35c8123c68a5d373,c38a8335eed512dc0f6c4713d550f9ef2e61512a
6304da19-fa16-5c96-9ada-2536a12816a2.json,14201017326a0d8bb623b2243239c036,3ba21ff8df905326208f1d2fdf60d02e17944e02
5014f5da-319a-5bb6-ace1-0feccc30b0f0.json,8dc3d67be57cbe8255477831f3d6e4a8,2ceeb565af83a7a0a64ee5d7bcab36bbf6d90baf
94db04ba-c53e-5d2d-87fa-1490c824b956.json,d7c21d348acef60e76d6a353f170f933,2afb6a875dbe0edc0eb799c9f67bd14eb3fbb77a
5789c9b0-5252-5042-af67-6232c348bba0.json,15285b66703df158ef6953aa26a00e5c,2815a7ed33a1d8612af5a968506c045914cf1c0d
2729dfa1-87b5-5987-93f1-689b60327bdf.json,dbf20b10915b49b89503e6d54a465206,459e4b2ece5984040e18ed1a681442b0ddcb4c79
2434de87-0dad-5bdd-891e-7f9c6c69ef5c.json,8c66ba2470fc6fb804e273868bfa2a98,e7170f3d479a4f2221b824ac466099e0bbf9d62d
a737cc23-7e8c-5dd3-82a5-baa90727eaf7.json,c3462cb6202d09cc9a68d8da8fd3ce09,3234e29c0dc38e0592da226af0442b9bed11a425
0ea541f6-4666-5d30-a4cb-114fba93415b.json,089b6a8bd365a079326a47452da13695,f13ceb027a66c9f67170343feaeba4d2e708ee05
1f34cdcb-938f-5321-8bec-65f80ceff6ee.json,cb51504acbb8265871046d0f7fc6d345,f9e33bfc1a230bb1ce33281babbaa38814c320a1
b6fbd6b8-9617-554f-b4be-92fcd9e5c388.json,45b61884580201aee9bb2203f7cf3507,6bdce02616b54d5549dfc7857d2a9157cc19e1b8
8452cfbd-0c04-5ac8-846d-9b4f57091255.json,c69692672d5196d907942cd2716181ac,26df85bbdbc38f6d30ea2e7c33d8ecfbc6c62670
861c1123-f960-5986-928f-7460c35cae97.json,875e28cf77c109309e8cfe48dfb4fa40,b58718c11c4fd3a69f8e2ed3639e8ea56fc278fb
e36a5480-af13-5b15-83d8-1766f17ea28e.json,c37201b311be4b55d8df2d08bdf0de61,483db4ef96704e29dfea7021fcc46462fafec275
91e76e26-fa59-55f0-9fb1-bdc8bdd829fb.json,799c6d694ab783e873e4e7ba927cf9d5,f0f79ac29ec2e1ef5bae9b38846c6876a21ef51b
86ee083c-3173-5866-bf39-5a3656f3aee8.json,ef928f66449b3bafe8f02ce310b2c2c9,3b1984b8a89868657690cb3f62aeefe0beb9628b
7de6716f-b337-5180-8133-01e3f0886397.json,5de466c4913946bba8b766e81439b14a,07e30b698952574fcd7060d82bf213609822d750
68081643-884c-53f6-a685-d3c206391a1d.json,cd92174d8da015b6ac6f35128cf311d6,5c174fdf87f2ebb2da3d51ec7f42ac8d2253ed2a
48896876-ceb5-564a-86fd-5aaa29873453.json,19abf75375c8514d265c9b1cd629b9c8,d6282a6514b450f61e749b091faf0848c45d1329
71344650-5f11-5aa5-9329-94d003d156e0.json,e4bb905087c983de7deabe9fa0c85092,16947c308118c9256645ca8dff5e388cb17f266a
41d1a6dc-e30a-53fb-8353-78676735afcc.json,33b3384198657f2c5f0110cf091ae8d3,0c505f08a35b3f581ff05087aaa3c480dded3098
91bbe3f8-da97-55db-adcf-7245aee25abe.json,68d094535d39334a97e4f0a98001a4fa,c53baa83b2f127154b1abe91e95425a7f5868f31
0120ca24-9e35-54b8-8245-04f7f516716e.json,6706dc95fff6e05f387b7d799524d82a,1bd623111075d2f67afece3ff49aa075484b1dc2
203fd9b2-ddbe-5f16-9a99-f9c1e0bb0f00.json,b5ce34bce9d7d839bfb1f6778a33e20f,adfe1f79fbde39dd77a1fe37a8d6e79f829df32e
4716c901-01a3-58c6-813c-5745f2376069.json,eb0f4dd5e31441218c977a53f0175b3a,be8972d5161f312fd64089575129342ae21c76ec
d0139e93-ed2a-53a7-aabf-8553951e743f.json,a36631c44252df2237ea670c642dfd4f,e2a45270b590721fa4f4f08d3f43f9a5ef44dfda
e1da6e4e-063a-5f60-b1f0-6def584f96b1.json,48bd92f083c169a038d52a0872698bbc,2ddce6867fc23e6ad7a761502706b8bdc880837d
0efef94d-623f-5727-b098-9bc8958b844f.json,1ad789e25e09221ea4b227025f0b7d49,4f448b5cac1d8a6fef47a4e096a5a19195969ec1
